MUTHU PHARMA PRIVATE LIMITED,,,,,,,,,,,,,,,,,,,,,,
"NO.26,GF BACK PORTION & FF, 1ST STREET,AMBATTUR INDUSTRIAL EST. NORTH,PATTARAVAKKAM CHENNAI-600098
  GST No. : 33AAKCM2413N1ZF",,,,,,,,,,,,,,,,,,,,,,
Comp Customer Item Invoice Wise,,,,,,,,,,,,,,,,,,,,,,
From :01-Jan-21      To : 31-Jan-21,,,,,,,,,,,,,,,,,,,,,,
,,,,,,,,,,,,,,,,,,,,,,
Company,Code,Customer,Item Code,Product,Pack,Inv No,Dated,Batch,Qty,FQty,Srate,Value,MRP,PBillNo,PBillDt,Area Name,Pin,Address,Division,PTS,Dis%,SalesMan
DEEKAY LIFESCIENCE,B00010284,SRI DEVI MEDICALS,80565,3FIX O  200MG 10TAB,10TAB,SB/541880,12/01/2021,NTT192182,1,0,153.49,150.42,215.00,IN100083,20/06/2020,KONDITHOPE,600079,"NO.175/96 AMMAN KOIL ST,KONDITHOPE,CHENNAI,",00,153.49,2.00,U00-VINOTH.S
DEEKAY LIFESCIENCE,B00010284,SRI DEVI MEDICALS,80565,3FIX O  200MG 10TAB,10TAB,SB/548182,16/01/2021,NTT192182,1,0,153.49,150.42,215.00,IN100083,20/06/2020,KONDITHOPE,600079,"NO.175/96 AMMAN KOIL ST,KONDITHOPE,CHENNAI,",00,153.49,2.00,U00-VINOTH.S
DEEKAY LIFESCIENCE,B00010281,SWASTIK MEDICALS,80565,3FIX O  200MG 10TAB,10TAB,SB/548242,16/01/2021,NTT192182,1,0,153.49,147.35,215.00,IN100083,20/06/2020,SOWCARPET,600079,"39, PERUMAL KOIL GARDEN STREET,,SOWCARPET,,CHENNAI",00,153.49,4.00,U00-VINOTH.S
DEEKAY LIFESCIENCE,B00010274,PRASAD MEDICALS,80565,3FIX O  200MG 10TAB,10TAB,SB/549131,18/01/2021,NTT192182,1,0,153.49,153.49,215.00,IN100083,20/06/2020,GEORGE TOWN,600001,"92/1,THIRUPPALLI ST,.,CHENNAI",00,153.49,0.00,U00-VINOTH.S
DEEKAY LIFESCIENCE,B22141704,STAR MEDICALS,80565,3FIX O  200MG 10TAB,10TAB,SB/556225,21/01/2021,NTT192182,1,0,153.49,147.35,215.00,IN100083,20/06/2020,AMINJIKARAI,600029,"NEW NO-25;OLD NO-13A;P.P.THOTTAM MAIN ROAD,P-P-GARDEN.AMINJIKARAI - CHENNAI - 600029,CHENNAI",00,153.49,4.00,U22-PK.SHANKAR
DEEKAY LIFESCIENCE,B22141704,STAR MEDICALS,80565,3FIX O  200MG 10TAB,10TAB,SB/567627,26/01/2021,NTT192182,1,0,153.49,147.35,215.00,IN100083,20/06/2020,AMINJIKARAI,600029,"NEW NO-25;OLD NO-13A;P.P.THOTTAM MAIN ROAD,P-P-GARDEN.AMINJIKARAI - CHENNAI - 600029,CHENNAI",00,153.49,4.00,U22-PK.SHANKAR
DEEKAY LIFESCIENCE,B33152353,VIJAY MEDICAL - CASH,214,ACIDOL - P TAB,10S,SB/537762,10/01/2021,MMPT752,2,0,37.25,74.50,52.00,IN4445,09/01/2021,CHETPET,600031,"NO-1/11, JEGANATHA PURAM,,4TH STREET,,CHETPET",00,37.25,0.00,U33-KUPPAN.K
DEEKAY LIFESCIENCE,B11130219,SREE DHANALAKSHMI MEDICALS,214,ACIDOL - P TAB,10S,SB/542017,12/01/2021,MMPT752,1,0,37.25,36.50,52.00,IN4445,09/01/2021,REDHILLS,600052,"NO.201.G.N.T.ROAD,,RED HILLS.,CHENNAI",00,37.25,2.00,U13-ARUNRAJ.R
DEEKAY LIFESCIENCE,B00010274,PRASAD MEDICALS,214,ACIDOL - P TAB,10S,SB/549131,18/01/2021,MMPT752,3,0,37.25,111.75,52.00,IN4445,09/01/2021,GEORGE TOWN,600001,"92/1,THIRUPPALLI ST,.,CHENNAI",00,37.25,0.00,U00-VINOTH.S
DEEKAY LIFESCIENCE,B0061014,KAVI MEDICALS,214,ACIDOL - P TAB,10S,SB/573629,28/01/2021,MMPT752,3,0,37.25,106.72,52.00,IN4445,09/01/2021,VELLORE,635809,"NO.44 GYM ROAD,PALLIKONDA-635809,",00,37.25,4.50,U00-VELLORE-GUDIYATTAM-DIRECT
DEEKAY LIFESCIENCE,B33152353,VIJAY MEDICAL - CASH,214,ACIDOL - P TAB,10S,SB/573752,28/01/2021,MMPT752,1,0,37.25,37.25,52.00,IN4445,09/01/2021,CHETPET,600031,"NO-1/11, JEGANATHA PURAM,,4TH STREET,,CHETPET",00,37.25,0.00,U33-KUPPAN.K
DEEKAY LIFESCIENCE,B00010278,LAL MEDICALS,214,ACIDOL - P TAB,10S,SB/573780,28/01/2021,MMPT752,10,1,37.25,357.60,52.00,IN4445,09/01/2021,MINT,600079,"414,MINT STREET,,.,CHENNAI",00,37.25,4.00,U00-VINOTH.S
DEEKAY LIFESCIENCE,B0061115,RAJ PHARMACY,214,ACIDOL - P TAB,10S,SB/575813,29/01/2021,MMPT752,10,1,37.25,357.60,52.00,IN4445,09/01/2021,SOWCARPET,600001,"NO.47/23 MULLAH STREET, SOWCARPET,CHENNAI, TAMIL NADU,",00,37.25,4.00,U00-VINOTH.S
DEEKAY LIFESCIENCE,B33152353,VIJAY MEDICAL - CASH,215,ACIDOL SP TAB,10S,SB/537762,10/01/2021,DAPT2001,2,0,70.40,140.80,99.00,IN4445,09/01/2021,CHETPET,600031,"NO-1/11, JEGANATHA PURAM,,4TH STREET,,CHETPET",00,70.40,0.00,U33-KUPPAN.K
DEEKAY LIFESCIENCE,B00010274,PRASAD MEDICALS,215,ACIDOL SP TAB,10S,SB/559988,22/01/2021,DAPT2001,2,0,70.40,140.80,99.00,IN4445,09/01/2021,GEORGE TOWN,600001,"92/1,THIRUPPALLI ST,.,CHENNAI",00,70.40,0.00,U00-VINOTH.S
DEEKAY LIFESCIENCE,B22140358,VIJAY MEDICALS,215,ACIDOL SP TAB,10S,SB/560194,22/01/2021,DAPT2001,2,0,70.40,140.80,99.00,IN4445,09/01/2021,CHETPET,600031,"1/11,JAGANATHAPURAM 4TH ST,,CHETPUT,CHENNAI",00,70.40,0.00,U22-PK.SHANKAR
DEEKAY LIFESCIENCE,B00010022,BHAGAVAN MEDICALS,215,ACIDOL SP TAB,10S,SB/562030,23/01/2021,DAPT2001,10,1,70.40,704.00,99.00,IN4445,09/01/2021,VILLIVAKKAM,600049,"NO.15 SHOPING COMPLEX,SIDCO NAGAR VILLIVAKKAM,CHENNAI",00,70.40,0.00,U00-SRINIVASAN.K
DEEKAY LIFESCIENCE,B33152353,VIJAY MEDICAL - CASH,215,ACIDOL SP TAB,10S,SB/563863,24/01/2021,DAPT2001,1,0,70.40,70.40,99.00,IN4445,09/01/2021,CHETPET,600031,"NO-1/11, JEGANATHA PURAM,,4TH STREET,,CHETPET",00,70.40,0.00,U33-KUPPAN.K
DEEKAY LIFESCIENCE,B11070715,S.S.R. PHARMACY,215,ACIDOL SP TAB,10S,SB/572110,28/01/2021,DAPT2001,1,0,70.40,68.29,99.00,IN4445,09/01/2021,VILLIVAKKAM,600049,"155, REDHILLS ROAD,,VILLIVAKKAM,,CHENNAI",00,70.40,3.00,U11-PHILIPS.M
DEEKAY LIFESCIENCE,B1131866,LIVE WELL PHARMACY,215,ACIDOL SP TAB,10S,SB/576450,29/01/2021,DAPT2001,10,1,70.40,675.84,99.00,IN4445,09/01/2021,VILLIVAKKAM,600049,"NO.44/17, GROUND FLOOR, NORTH FACING,,RAJAJI NAGAR KAVERI STREET, KONNUR, VILLIVAKKAM,,CHENNAI",00,70.40,4.00,U11-PHILIPS.M
DEEKAY LIFESCIENCE,B22140892,BHAGAVAN MEDICALS,29175,ACTIVE GOLD SYP 200ML,200ML,SB/520262,03/01/2021,ONL20419,1,0,96.55,96.55,135.00,IN3709,05/12/2020,VILLIVAKKAM,600049,"15,SHOPPING COMPLEX,,SIDCO NAGAR MAIN ROAD ,VILLIVAKKAM,,CHENNAI",00,96.55,0.00,U22-KRISHNARAJ.R
DEEKAY LIFESCIENCE,B11070184,RENUKA MEDICALS,29175,ACTIVE GOLD SYP 200ML,200ML,SB/531529,07/01/2021,ONL20419,1,0,96.55,96.55,135.00,IN3709,05/12/2020,T.NAGAR,600017,"5, THIRUPALLI STREET,,.,CHENNAI",00,96.55,0.00,U11-PALANI
DEEKAY LIFESCIENCE,B11071001,SUDHA MEDICALS,29175,ACTIVE GOLD SYP 200ML,200ML,SB/536173,09/01/2021,ONL20419,2,0,96.55,185.38,135.00,IN3709,05/12/2020,BROADWAY,600108,"NO.187 ,NEW NO, 82 SHOP NO.2 GF,BROADWAY,,CHENNAI",00,96.55,4.00,U11-PALANI
DEEKAY LIFESCIENCE,B11120191,VAAN MEDICALS,29175,ACTIVE GOLD SYP 200ML,200ML,SB/538573,11/01/2021,ONL20419,1,0,96.55,96.55,135.00,IN3709,05/12/2020,OLD WASHERMENPET,600021,"NO : 1/1, KALINGARAYAN STREET,,1ST LANE, OLD WASHERMENPET,,CHENNAI",00,96.55,0.00,U16-VEERAKUMAR.M
DEEKAY LIFESCIENCE,B11071001,SUDHA MEDICALS,29175,ACTIVE GOLD SYP 200ML,200ML,SB/548142,16/01/2021,ONL20419,1,0,96.55,92.69,135.00,IN3709,05/12/2020,BROADWAY,600108,"NO.187 ,NEW NO, 82 SHOP NO.2 GF,BROADWAY,,CHENNAI",00,96.55,4.00,U11-PALANI
DEEKAY LIFESCIENCE,B11071001,SUDHA MEDICALS,29175,ACTIVE GOLD SYP 200ML,200ML,SB/559341,22/01/2021,ONL20419,1,0,96.55,92.69,135.00,IN3709,05/12/2020,BROADWAY,600108,"NO.187 ,NEW NO, 82 SHOP NO.2 GF,BROADWAY,,CHENNAI",00,96.55,4.00,U11-PALANI
DEEKAY LIFESCIENCE,B11070184,RENUKA MEDICALS,29175,ACTIVE GOLD SYP 200ML,200ML,SB/566361,25/01/2021,ONL20419,1,0,96.55,96.55,135.00,IN3709,05/12/2020,T.NAGAR,600017,"5, THIRUPALLI STREET,,.,CHENNAI",00,96.55,0.00,U11-PALANI
DEEKAY LIFESCIENCE,B00010057,MUTHU PHARMACY(M.K.B.NAGAR),84866,ACTIVE GOLD TAB 15S,15S,SB/535415,09/01/2021,MMFT227,2,0,99.59,187.23,150.00,IN4445,09/01/2021,M.K.B.NAGAR,600039,"A UNIT OF MUTHU PHARMACY (P) LTD,OLD NO:15/4,NEW NO :5C/7,SHOP 4,(CORNER SHOP),GF,MEEENAMBAL SALAI,MKB NAGAR",00,99.59,6.00,U00-MUTHU PHARMACY
DEEKAY LIFESCIENCE,B00010077,MUTHU PHARMACY(VELLALA ST-PURASAI),84866,ACTIVE GOLD TAB 15S,15S,SB/537042,10/01/2021,MMFT227,50,5,99.59,4680.73,150.00,IN4445,09/01/2021,PURASAIWAKKAM,600084,"A UNIT OF MUTHU PHARMACY (P) LTD,12, VELLALA ST,PURASAWALKAM,CHENNAI",00,99.59,6.00,U00-MUTHU PHARMACY
DEEKAY LIFESCIENCE,B00050125,SRI RAM PHARMACY,84866,ACTIVE GOLD TAB 15S,15S,SB/537365,10/01/2021,MMFT227,2,0,99.59,195.20,150.00,IN4445,09/01/2021,PORUR,600116,"NO-6A, GROUND FLOOR, SHOP NO-4,,CHETTIYAR AGARAM, 1ST STREET,,EARIKARAI ROAD, PORUR, CHENNAI-116",00,99.59,2.00,U04-PORUR  DIRECT
DEEKAY LIFESCIENCE,B22141982,ZAIBOON PHARMACY,84866,ACTIVE GOLD TAB 15S,15S,SB/544561,13/01/2021,MMFT227,10,1,99.59,956.06,150.00,IN4445,09/01/2021,VILLIVAKKAM,600049,"OLD NO-4/215,NEW NO-27,SHOP NO-1,FIRST SHOP,GROUND FLOOR,4TH MAIN ROAD SIDCO NAGAR,VILLIVAKKAM,CHENNAI",00,99.59,4.00,U22-KRISHNARAJ.R
DEEKAY LIFESCIENCE,B22141075,BAAWA MEDICALS,84866,ACTIVE GOLD TAB 15S,15S,SB/545366,13/01/2021,MMFT227,1,0,99.59,95.61,150.00,IN4445,09/01/2021,OLD WASHERMENPET,600021,"NO.511/834,T.H.ROAD,OLD WASHERMENPET,CHENNAI",00,99.59,4.00,U22-C.SATHISHKUMAR
DEEKAY LIFESCIENCE,B22140595,AMBIKA PHARMACY,84866,ACTIVE GOLD TAB 15S,15S,SB/549292,18/01/2021,MMFT227,1,0,99.59,95.61,150.00,IN4445,09/01/2021,TRIPLICANE,600005,"NEW NO.113.OLD.NO.56, BIG STREET,TRIPLICANE,CHENNAI",00,99.59,4.00,U22-PM.VELU
DEEKAY LIFESCIENCE,B00050125,SRI RAM PHARMACY,84866,ACTIVE GOLD TAB 15S,15S,SB/551938,19/01/2021,MMFT227,4,0,99.59,390.39,150.00,IN4445,09/01/2021,PORUR,600116,"NO-6A, GROUND FLOOR, SHOP NO-4,,CHETTIYAR AGARAM, 1ST STREET,,EARIKARAI ROAD, PORUR, CHENNAI-116",00,99.59,2.00,U04-PORUR  DIRECT
DEEKAY LIFESCIENCE,B11070197,RITHICK MEDICALS,84866,ACTIVE GOLD TAB 15S,15S,SB/552178,19/01/2021,MMFT227,1,0,99.59,99.59,150.00,IN4445,09/01/2021,SEVENWELLS,600001,"NO.181/78,PORTUGUESE CHURCH ROAD,SEVENWELLS,,CHENNAI",00,99.59,0.00,U11-PALANI
DEEKAY LIFESCIENCE,B22141704,STAR MEDICALS,84866,ACTIVE GOLD TAB 15S,15S,SB/556225,21/01/2021,MMFT227,1,0,99.59,95.61,150.00,IN4445,09/01/2021,AMINJIKARAI,600029,"NEW NO-25;OLD NO-13A;P.P.THOTTAM MAIN ROAD,P-P-GARDEN.AMINJIKARAI - CHENNAI - 600029,CHENNAI",00,99.59,4.00,U22-PK.SHANKAR
DEEKAY LIFESCIENCE,B00010022,BHAGAVAN MEDICALS,84866,ACTIVE GOLD TAB 15S,15S,SB/564022,24/01/2021,MMFT227,10,1,99.59,995.90,150.00,IN4445,09/01/2021,VILLIVAKKAM,600049,"NO.15 SHOPING COMPLEX,SIDCO NAGAR VILLIVAKKAM,CHENNAI",00,99.59,0.00,U00-SRINIVASAN.K
DEEKAY LIFESCIENCE,B22141704,STAR MEDICALS,84866,ACTIVE GOLD TAB 15S,15S,SB/567627,26/01/2021,MMFT227,1,0,99.59,95.61,150.00,IN4445,09/01/2021,AMINJIKARAI,600029,"NEW NO-25;OLD NO-13A;P.P.THOTTAM MAIN ROAD,P-P-GARDEN.AMINJIKARAI - CHENNAI - 600029,CHENNAI",00,99.59,4.00,U22-PK.SHANKAR
DEEKAY LIFESCIENCE,B00010092,SAKTHIVEL PHARMACY,84866,ACTIVE GOLD TAB 15S,15S,SB/568007,26/01/2021,MMFT227,2,0,99.59,199.18,150.00,IN4445,09/01/2021,CHOOLAIMEDU,600094,"NEW NO,40,(OLD NO.30 )GROUD FLOOR(CORNOR SHOP),BAJANAI KOIL STREET,CHOOLAIMEDU,,CHENNAI",00,99.59,0.00,U00-RAVI SHANKAR.P
DEEKAY LIFESCIENCE,B00010385,MUTHU PHARMACY(PULIANTHOPE),84866,ACTIVE GOLD TAB 15S,15S,SB/569622,27/01/2021,MMFT227,1,0,99.59,93.61,150.00,IN3351,18/11/2020,PULIANTHOPE,600012,"A UNIT OF MUTHU PHARMACY  PVT LTD,105 O/54,PULIANTHOPE HIGH ROAD,PULIANTHOPE,CHENNAI",00,99.59,6.00,U00-MUTHU PHARMACY
DEEKAY LIFESCIENCE,B11070988,DR.MEENATCHI ARVIND,84866,ACTIVE GOLD TAB 15S,15S,SB/570909,27/01/2021,MMFT227,2,0,99.59,199.18,150.00,IN3351,18/11/2020,KILPAUK,600010,"NO.2/19 SECRETARIAT COLONY FIRST STREET,KILPAUK,.",00,99.59,0.00,U11-KUTTI MANI.E
DEEKAY LIFESCIENCE,B11070988,DR.MEENATCHI ARVIND,84866,ACTIVE GOLD TAB 15S,15S,SB/570909,27/01/2021,MMFT227,1,0,99.59,99.59,150.00,IN4445,09/01/2021,KILPAUK,600010,"NO.2/19 SECRETARIAT COLONY FIRST STREET,KILPAUK,.",00,99.59,0.00,U11-KUTTI MANI.E
DEEKAY LIFESCIENCE,B22141343,DR.SM.AUGUSTINE.BSC. MD.DD,84866,ACTIVE GOLD TAB 15S,15S,SB/572250,28/01/2021,MMFT227,2,0,99.59,191.21,150.00,IN4445,09/01/2021,KILPAUK,600010,"32,DR.MUNIAPPA ROAD,KILPAUK,CHENNAI",00,99.59,4.00,U22-T.ARUMUGAM
DEEKAY LIFESCIENCE,B22140595,AMBIKA PHARMACY,84866,ACTIVE GOLD TAB 15S,15S,SB/574473,29/01/2021,MMFT227,1,0,99.59,95.61,150.00,IN4445,09/01/2021,TRIPLICANE,600005,"NEW NO.113.OLD.NO.56, BIG STREET,TRIPLICANE,CHENNAI",00,99.59,4.00,U22-PM.VELU
DEEKAY LIFESCIENCE,B00010386,MUTHU PHARMACY(SANGAM PHARMACY),84866,ACTIVE GOLD TAB 15S,15S,SB/574815,29/01/2021,MMFT227,1,0,99.59,93.61,150.00,IN4445,09/01/2021,PERAMBUR,600011,"A UNIT OF MUTHU PHARMACY (P) LTD,22,PAPER MILLS ROAD,PERAMBUR,CHENNAI",00,99.59,6.00,U00-MUTHU PHARMACY
DEEKAY LIFESCIENCE,B11070988,DR.MEENATCHI ARVIND,84866,ACTIVE GOLD TAB 15S,15S,SB/574952,29/01/2021,MMFT227,8,0,99.59,796.72,150.00,IN4445,09/01/2021,KILPAUK,600010,"NO.2/19 SECRETARIAT COLONY FIRST STREET,KILPAUK,.",00,99.59,0.00,U11-KUTTI MANI.E
DEEKAY LIFESCIENCE,B33151021,S.R.S MEDICALS,84866,ACTIVE GOLD TAB 15S,15S,SB/575951,29/01/2021,MMFT227,1,0,99.59,99.59,150.00,IN4445,09/01/2021,MOGAPPAIR,600037,"38/2,KBJSS COMPLEX,,GOLDEN GEORGE NAGAR,,MUGAPPAIR,CHENNAI",00,99.59,0.00,U33-PRABHU.C
DEEKAY LIFESCIENCE,B11100087,SRI VINAYAGA MEDICALS,84866,ACTIVE GOLD TAB 15S,15S,SB/580003,31/01/2021,MMFT227,1,0,99.59,95.61,150.00,IN4445,09/01/2021,THIRUVANMIYUR,600041,"OLD NO-19 NEW NO-22 T.M MAISTRY ST,,VANNANTHURAI,THIRUVANMIYUR,CHENNAI",00,99.59,4.00,U14-S.N.J.RAJ
DEEKAY LIFESCIENCE,B22141154,KARUPPAIH PHARMACY,1402,ASCOR XT TAB 10S,10S,SB/524885,05/01/2021,MMPT532,5,0,77.90,373.92,110.00,IN3190,07/11/2020,MYLAPORE,600004,"61/139 ,LUZ CHURCH ROAD,MYLAPORE,CHENNAI",00,77.90,4.00,U22-SUNDARAMURTHY.J
DEEKAY LIFESCIENCE,B11120381,RENUKA  MEDICALS,1402,ASCOR XT TAB 10S,10S,SB/530152,07/01/2021,MMPT532,3,0,77.90,226.69,110.00,IN3190,07/11/2020,PONNERI,601204,"508,T.H. ROAD,T.V.PURAM,PONNERI",00,77.90,3.00,U16-SHANMUGASUNDARAM.J
DEEKAY LIFESCIENCE,B11070203,POOJA MEDICAL STORE,42736,AZIREST 250MG TAB 10S,10S,SB/567599,26/01/2021,MMPT352,1,0,84.55,81.17,117.50,IN100091,27/06/2020,MINT,600001,"NO.39  NATTU PILLAYAR KOIL ST,NEAR SELECT THEATRE,.",00,84.55,4.00,U11-PALANI
DEEKAY LIFESCIENCE,B0061115,RAJ PHARMACY,42736,AZIREST 250MG TAB 10S,10S,SB/575813,29/01/2021,MMPT751,20,2,84.55,1623.36,117.50,IN4445,09/01/2021,SOWCARPET,600001,"NO.47/23 MULLAH STREET, SOWCARPET,CHENNAI, TAMIL NADU,",00,84.55,4.00,U00-VINOTH.S
DEEKAY LIFESCIENCE,B11070184,RENUKA MEDICALS,42736,AZIREST 250MG TAB 10S,10S,SB/579020,30/01/2021,MMPT751,9,0,84.55,760.95,117.50,IN4445,09/01/2021,T.NAGAR,600017,"5, THIRUPALLI STREET,,.,CHENNAI",00,84.55,0.00,U11-PALANI
DEEKAY LIFESCIENCE,B22140892,BHAGAVAN MEDICALS,42736,AZIREST 250MG TAB 10S,10S,SB/579855,31/01/2021,MMPT751,1,0,84.55,84.55,117.50,IN4445,09/01/2021,VILLIVAKKAM,600049,"15,SHOPPING COMPLEX,,SIDCO NAGAR MAIN ROAD ,VILLIVAKKAM,,CHENNAI",00,84.55,0.00,U22-KRISHNARAJ.R
DEEKAY LIFESCIENCE,B11100038,VAVA PHARMACY,1838,AZIREST 500MG TAB 10S,10S,SB/517081,01/01/2021,MMPT353,2,0,171.39,329.07,236.30,IN100235,02/10/2020,THIRUVANMIYUR,600041,"NEW NO.17, OLD NO 48, KAMARAJAR SALAI,LAKSHMI PURAM THIRUVANMIYUR,CHENNAI",00,171.39,4.00,U14-S.N.J.RAJ
DEEKAY LIFESCIENCE,B00010552,ARIHANT PHARMACY,1838,AZIREST 500MG TAB 10S,10S,SB/536871,09/01/2021,MMPT353,1,0,171.39,164.53,236.30,IN100235,02/10/2020,VEPERY,600007,"91/2, VEPERY HIGH ROAD,,VEPERY,,CHENNAI",00,171.39,4.00,U00-BALA M
DEEKAY LIFESCIENCE,B22140511,SRI SWAMY MEDICALS AND GENERAL,1838,AZIREST 500MG TAB 10S,10S,SB/554327,20/01/2021,MMPT353,1,0,171.39,164.53,236.30,IN4445,09/01/2021,T.NAGAR,600017,"SHOP NO:10,DOOR NO:7,N.NO:17,,DR.SADASIVAM RD, T.NAGAR,,CHENNAI,",00,171.39,4.00,U22-A.CHANDRASEKAR
DEEKAY LIFESCIENCE,B22140511,SRI SWAMY MEDICALS AND GENERAL,1838,AZIREST 500MG TAB 10S,10S,SB/554327,20/01/2021,MMPT353,1,0,171.39,164.53,236.30,IN100235,02/10/2020,T.NAGAR,600017,"SHOP NO:10,DOOR NO:7,N.NO:17,,DR.SADASIVAM RD, T.NAGAR,,CHENNAI,",00,171.39,4.00,U22-A.CHANDRASEKAR
DEEKAY LIFESCIENCE,B00010550,MUTHU PHARMACY-TANA STREET,1838,AZIREST 500MG TAB 10S,10S,SR/35504,27/01/2021,MMPT353,1,0,171.39,-161.11,236.30,IN4445,09/01/2021,PURASAIWAKKAM,600084,"77,TANA STREET,,PURASAWALKAM,CHENNAI",00,171.39,6.00,U00-MUTHU PHARMACY
DEEKAY LIFESCIENCE,B00010030,SRI GANESH MEDICALS & GENERALS,1838,AZIREST 500MG TAB 10S,10S,SB/579481,31/01/2021,MMPT353,2,0,171.39,329.07,236.30,IN4445,09/01/2021,VILLIVAKKAM,600049,"NEW NO:48/1,OLD NO:173,REDHILLS ROAD,,NORTH VILLIVAKKAM,,CHENNAI",00,171.39,4.00,U00-SRINIVASAN.K
DEEKAY LIFESCIENCE,B11070374,SRI BALAJI MEDICALS,2169,BESTIN 16MG TAB 10S,10S,SB/541622,12/01/2021,MMPT324,2,0,70.25,134.88,99.00,IN4445,09/01/2021,T.NAGAR,600017,"#20/8, MUTHURANGAN SALAI,T.NAGAR,CHENNAI",00,70.25,4.00,U11-GOVINDAN.M
DEEKAY LIFESCIENCE,B11070703,BHAGAVAN MEDICALS,2169,BESTIN 16MG TAB 10S,10S,SB/543832,13/01/2021,MMPT324,2,0,70.25,136.28,99.00,IN4445,09/01/2021,VILLIVAKKAM,600049,"SHOP NO.15 SHOPPING COMPLEX,SIDCO NAGAR-VILLIVAKKAM,,CHENNAI",00,70.25,3.00,U11-PHILIPS.M
DEEKAY LIFESCIENCE,B11120314,SRI SWATHI MEDICALS,2169,BESTIN 16MG TAB 10S,10S,SB/544282,13/01/2021,MMPT324,7,0,70.25,491.75,99.00,IN4445,09/01/2021,THIRUVOTTIYUR,600019,"OLD NO:17 ,NEW NO:75, NORTH MADA STREET,THIRUVOTTIYUR,CHENNAI",00,70.25,0.00,U16-VEERAKUMAR.M
DEEKAY LIFESCIENCE,B00010391,MUTHU PHARMACY(JAMALIA),2170,BESTIN 8MG TAB 10S,10S,SB/534662,09/01/2021,MMPT323,4,0,49.08,184.54,69.00,IN100210,21/09/2020,PERAMBUR,600011,"A UNIT OF MUTHU PHARMACY PVT LTD,NO:26,PERAMBUR HIGH RD,JAMALIA,,CHENNAI",00,49.08,6.00,U00-MUTHU PHARMACY
DEEKAY LIFESCIENCE,B00010391,MUTHU PHARMACY(JAMALIA),2170,BESTIN 8MG TAB 10S,10S,SB/534776,09/01/2021,MMPT323,1,0,49.08,46.14,69.00,IN100210,21/09/2020,PERAMBUR,600011,"A UNIT OF MUTHU PHARMACY PVT LTD,NO:26,PERAMBUR HIGH RD,JAMALIA,,CHENNAI",00,49.08,6.00,U00-MUTHU PHARMACY
DEEKAY LIFESCIENCE,B00010391,MUTHU PHARMACY(JAMALIA),2170,BESTIN 8MG TAB 10S,10S,SB/534776,09/01/2021,MMPT323,3,0,49.08,138.41,69.00,IN3351,18/11/2020,PERAMBUR,600011,"A UNIT OF MUTHU PHARMACY PVT LTD,NO:26,PERAMBUR HIGH RD,JAMALIA,,CHENNAI",00,49.08,6.00,U00-MUTHU PHARMACY
DEEKAY LIFESCIENCE,B00010022,BHAGAVAN MEDICALS,2170,BESTIN 8MG TAB 10S,10S,SB/564022,24/01/2021,MMPT323,1,0,49.08,49.08,69.00,IN3351,18/11/2020,VILLIVAKKAM,600049,"NO.15 SHOPING COMPLEX,SIDCO NAGAR VILLIVAKKAM,CHENNAI",00,49.08,0.00,U00-SRINIVASAN.K
DEEKAY LIFESCIENCE,B11070703,BHAGAVAN MEDICALS,2170,BESTIN 8MG TAB 10S,10S,SB/566637,25/01/2021,MMPT323,2,0,49.08,95.22,69.00,IN3351,18/11/2020,VILLIVAKKAM,600049,"SHOP NO.15 SHOPPING COMPLEX,SIDCO NAGAR-VILLIVAKKAM,,CHENNAI",00,49.08,3.00,U11-PHILIPS.M
DEEKAY LIFESCIENCE,B11070703,BHAGAVAN MEDICALS,2170,BESTIN 8MG TAB 10S,10S,SB/576788,30/01/2021,MMPT323,2,0,49.08,95.22,69.00,IN3351,18/11/2020,VILLIVAKKAM,600049,"SHOP NO.15 SHOPPING COMPLEX,SIDCO NAGAR-VILLIVAKKAM,,CHENNAI",00,49.08,3.00,U11-PHILIPS.M
DEEKAY LIFESCIENCE,B0060483,RAU AND CO PHARMA PVT LTD -AMBT,2317,BIFLORA TAB 10S,10S,SR/33807,10/01/2021,ONC-20096,1,0,106.40,-106.40,150.00,IN4445,09/01/2021,ENTITY-B00,600098,"NO-26 G.F. FRONT PORTION N.W CORNER 1ST STREET,AMBATTUR INDUSTRIAL ESTATE NORTH,PATTARAVAKAM,CHENNAI-600098",00,106.40,0.00,U00-WAREHOUSE
DEEKAY LIFESCIENCE,B00010278,LAL MEDICALS,4645,D FAST GEL 30GM,30GM,SB/537040,10/01/2021,LE0898,10,1,74.99,719.90,105.00,IN4445,09/01/2021,MINT,600079,"414,MINT STREET,,.,CHENNAI",00,74.99,4.00,U00-VINOTH.S
DEEKAY LIFESCIENCE,B11071004,LONDON MEDICALS,4645,D FAST GEL 30GM,30GM,SB/540359,11/01/2021,LE0898,1,0,74.99,71.99,105.00,IN4445,09/01/2021,MANNADY,600001,"30, NEW STREET,,MANNADY,,CHENNAI",00,74.99,4.00,U11-PALANI
DEEKAY LIFESCIENCE,B00010672,R.R. MEDICALS,4645,D FAST GEL 30GM,30GM,SB/541596,12/01/2021,LE0898,1,0,74.99,74.99,105.00,IN4445,09/01/2021,AMINJIKARAI,600029,"NO.31/1, COLLECTRATE COLONY 1 ST MAIN ROAD,AMINJIKARAI,CHENNAI",00,74.99,0.00,U00-RAVI SHANKAR.P
DEEKAY LIFESCIENCE,B22140113,ARIHANT PHARMACY,4645,D FAST GEL 30GM,30GM,SB/544201,13/01/2021,LE0898,1,0,74.99,71.99,105.00,IN4445,09/01/2021,VEPERY,600007,"NO: 91/2,VEPERY HIGH ROAD,,VEPERY,,CHENNAI,",00,74.99,4.00,U22-T.ARUMUGAM
DEEKAY LIFESCIENCE,B11070523,SRI HARI MEDICALS,4645,D FAST GEL 30GM,30GM,SB/562926,23/01/2021,LE0898,1,0,74.99,74.99,105.00,IN4445,09/01/2021,TEYNAMPET,600018,"OLD NO.55 NEW NO.159 GROUND FLOOR,SHOP NO.2 THIRUVALLUVAR SALAI,TEYNAMPET",00,74.99,0.00,U11-MANDAVELI DIRECT
DEEKAY LIFESCIENCE,B00050445,SHANTHI MEDICALS,4645,D FAST GEL 30GM,30GM,SB/567998,26/01/2021,LE0898,1,0,74.99,74.99,105.00,IN4445,09/01/2021,RAMAPURAM,600089,"SHOP # 2 & 3. PLOT # 1 KAMARAJAR SALAI,RAMAPURAM,CHENNAI",00,74.99,0.00,U04-MUTHUSAMY.P
DEEKAY LIFESCIENCE,B0060539,ZAIBOON PHARMACY,4645,D FAST GEL 30GM,30GM,SB/568103,26/01/2021,LE0898,1,0,74.99,71.99,105.00,IN4445,09/01/2021,VILLIVAKKAM,600049,"OLD NO.4/215, NEW NO.27, SHOP NO.1, GROUND FLOOR,,4TH MAIN ROAD, SIDCO NAGAR, VILLIVAKKAM,,CHENNAI",00,74.99,4.00,U00-SRINIVASAN.K
DEEKAY LIFESCIENCE,B00010146,MUTHU PHARMACY(SIPPY),4645,D FAST GEL 30GM,30GM,SB/569780,27/01/2021,LE0898,2,0,74.99,140.98,105.00,IN4445,09/01/2021,PURASAIWAKKAM,600084,"A UNIT OF MUTHU PHARMACY (P) LTD,18/2,GANGADEESWARAR KOIL ST,PURASAI,CHENNAI",00,74.99,6.00,U00-MUTHU PHARMACY
DEEKAY LIFESCIENCE,B11071004,LONDON MEDICALS,4645,D FAST GEL 30GM,30GM,SB/570000,27/01/2021,LE0898,1,0,74.99,71.99,105.00,IN4445,09/01/2021,MANNADY,600001,"30, NEW STREET,,MANNADY,,CHENNAI",00,74.99,4.00,U11-PALANI
DEEKAY LIFESCIENCE,B00010563,MUTHU PHARMACY - ALAGAPPA2,4645,D FAST GEL 30GM,30GM,SB/570288,27/01/2021,LE0898,1,0,74.99,70.49,105.00,IN4445,09/01/2021,PURASAIWAKKAM,600084,"NO.25,DR.ALAGAPPA ROAD,,PURASAWAKKAM,,CHENNAI",00,74.99,6.00,U00-MUTHU PHARMACY
DEEKAY LIFESCIENCE,B11070282,VEPERY MEDICALS,4645,D FAST GEL 30GM,30GM,SB/575220,29/01/2021,LE0898,2,0,74.99,143.98,105.00,IN4445,09/01/2021,VEPERY,600007,"NEW NO.130 OLD.NO106, VEPERY HIGH ROAD,,VEPERY,,CHENNAI",00,74.99,4.00,U11-KUTTI MANI.E
DEEKAY LIFESCIENCE,B22141089,MUKESH MEDICALS,4645,D FAST GEL 30GM,30GM,SB/577657,30/01/2021,LE0898,1,0,74.99,71.99,105.00,IN4445,09/01/2021,MANAPAKKAM,600021,"NO:409,,T.H.ROAD,CHENNAI,",00,74.99,4.00,U22-C.SATHISHKUMAR
DEEKAY LIFESCIENCE,B1131969,MEENA MEDICAL,4645,D FAST GEL 30GM,30GM,SB/578147,30/01/2021,LE0898,2,0,74.99,143.98,105.00,IN4445,09/01/2021,AMINJIKARAI,600030,"NO.2 GRND FLOOR,LAKSHMI TALKIES ROAD SHENOY NAGAR,AMJIKARAI CHENNAI-600030",00,74.99,4.00,U11-MOHAN.K
DEEKAY LIFESCIENCE,B0061072,GOKUL MEDICALS,4649,D KAL TAB 15S,15S,SB/530024,07/01/2021,MMFT259,1,0,79.99,76.39,120.00,IN3709,05/12/2020,KANCHEEPURAM,631502,"NO.29-B GRND FLOOR FRONT PORTION,HOSPITAL ROAD KANCHIPURAM-631502,",00,79.99,4.50,U00-KANCHEEPURAM-CC-SANGEETHA
DEEKAY LIFESCIENCE,B00060068,S.P.MEDICALS,4782,DECOF A SYP 100ML,100ML,SB/516343,01/01/2021,TTOL-126,1,0,62.97,62.97,89.00,IN3190,07/11/2020,OLD WASHERMENPET,600021,"OLD NO.54, NEW NO, 133, GROUNT FLOUR,SOLIAPPN ST. OLD WASHERMANPET.,CHENNAI-21",00,62.97,0.00,U05-R.RANJITH
DEEKAY LIFESCIENCE,B22141636,SRI BALAJI PHARMACY,4782,DECOF A SYP 100ML,100ML,SB/538823,11/01/2021,TTOL-126,2,0,62.97,120.90,89.00,IN4445,09/01/2021,TRIPLICANE,600005,"NO;23 LLOYDS ROAD;AVVAI SHANMUGAM SALAI;,TRIPLICANE; - CHENNAI-05 - 600005,CHENNAI",00,62.97,4.00,U22-SUNDARAMURTHY.J
DEEKAY LIFESCIENCE,B11070962,RAJESHWAR MEDICALS,4782,DECOF A SYP 100ML,100ML,SB/542735,12/01/2021,TTOL-126,1,0,62.97,60.45,89.00,IN4445,09/01/2021,PURASAIWAKKAM,600084,"52, SHOP NO.2, SALAIMA NAGAR,BRICKLIN ROAD, PURASAIWALKAM,CHENNAI",00,62.97,4.00,U11-KUTTI MANI.E
DEEKAY LIFESCIENCE,B00010468,MUTHU PHARMACY (EVEREST MEDICALS),4782,DECOF A SYP 100ML,100ML,SB/543390,13/01/2021,TTOL-126,2,0,62.97,118.38,89.00,IN4445,09/01/2021,AMINJIKARAI,600029,"OLD 26/1,NEW 148/1,NELSON MANICKAM ROAD,RAJARAM METHA NAGAR,,CHENNAI",00,62.97,6.00,U00-MUTHU PHARMACY
DEEKAY LIFESCIENCE,B11100090,OM MEDICALS,4782,DECOF A SYP 100ML,100ML,SB/554159,20/01/2021,TTOL-126,1,0,62.97,60.45,89.00,IN4445,09/01/2021,ADYAR,600020,"NO.9, L.B. ROAD,,ADYAR,,CHENNAI",00,62.97,4.00,U14-S.N.J.RAJ
DEEKAY LIFESCIENCE,B11100090,OM MEDICALS,4782,DECOF A SYP 100ML,100ML,SB/559017,22/01/2021,TTOL-126,1,0,62.97,60.45,89.00,IN4445,09/01/2021,ADYAR,600020,"NO.9, L.B. ROAD,,ADYAR,,CHENNAI",00,62.97,4.00,U14-S.N.J.RAJ
DEEKAY LIFESCIENCE,B11120415,ANNA MEDICALS,4782,DECOF A SYP 100ML,100ML,SB/563064,23/01/2021,TTOL-126,1,0,62.97,60.45,89.00,IN4445,09/01/2021,PONNERI,601204,"NO.39 NEW CAR STREET,PONNERI,601204",00,62.97,4.00,U16-SHANMUGASUNDARAM.J
DEEKAY LIFESCIENCE,B00010468,MUTHU PHARMACY (EVEREST MEDICALS),4782,DECOF A SYP 100ML,100ML,SR/35674,28/01/2021,TTOL-126,1,0,62.97,-59.19,89.00,IN4445,09/01/2021,AMINJIKARAI,600029,"OLD 26/1,NEW 148/1,NELSON MANICKAM ROAD,RAJARAM METHA NAGAR,,CHENNAI",00,62.97,6.00,U00-MUTHU PHARMACY
DEEKAY LIFESCIENCE,B33152534,SRI VENKATESHWARA MEDICAL & GENERALS-CASH,4783,DECOF SYP 100ML,100ML,SB/543924,13/01/2021,ONL-20425,2,0,62.10,121.72,88.00,IN4445,09/01/2021,PERUNGALATHUR,600063,"NO-24-E.MUDICHUR ROAD,,PARVATHY NAGAR,,OLD PERUNGALTHUR,CHENNAI.",00,62.10,2.00,U33-ELANGOVAN.S
DEEKAY LIFESCIENCE,B00020498,AKL MEDICALS,4783,DECOF SYP 100ML,100ML,SB/548523,18/01/2021,ONL-20425,1,0,62.10,60.86,88.00,IN4445,09/01/2021,TAMBARAM,600045,"2/50,SHANMUGAM ROAD.,MUNCIPAL NEW BUILDING  WT,CHENNAI",00,62.10,2.00,U01-A.RAMESHKUMAR
DEEKAY LIFESCIENCE,B00030503,ALAGAR MEDICALS,4783,DECOF SYP 100ML,100ML,SB/548993,18/01/2021,ONL-20425,1,0,62.10,59.62,88.00,IN4445,09/01/2021,AVADI,600054,"201/1, GROUND FLOOR,  N.M. ROAD,AVADI,CHENNAI",00,62.10,4.00,U02-SELVARAJ.K
DEEKAY LIFESCIENCE,B11080321,MAHALAKSHMI MEDICALS,4783,DECOF SYP 100ML,100ML,SB/550534,18/01/2021,ONL-20425,1,0,62.10,60.24,88.00,IN4445,09/01/2021,CHROMPET,600048,"PLOT NO.4,GROUND FLOOR,NORTH EAST CORNER,,SHOP NO.1, KAMBAR STREET,,MANNIVAKKAM,CHENNAI",00,62.10,3.00,U12-BALAKUMARAN K.
DEEKAY LIFESCIENCE,B11120170,KARPAGAM MEDICALS,4783,DECOF SYP 100ML,100ML,SB/551493,19/01/2021,ONL-20425,2,0,62.10,120.47,88.00,IN4445,09/01/2021,THIRUVOTTIYUR,600019,"OLD NO:715, NORTH PORTION,T.H.ROAD,THIRUVOTTRIYUR",00,62.10,3.00,U16-VEERAKUMAR.M
DEEKAY LIFESCIENCE,B00010284,SRI DEVI MEDICALS,4783,DECOF SYP 100ML,100ML,SB/561800,23/01/2021,ONL-20425,1,0,62.10,60.86,88.00,IN4445,09/01/2021,KONDITHOPE,600079,"NO.175/96 AMMAN KOIL ST,KONDITHOPE,CHENNAI,",00,62.10,2.00,U00-VINOTH.S
DEEKAY LIFESCIENCE,B00010291,RAJESHWAR PHARMACY,4783,DECOF SYP 100ML,100ML,SB/566052,25/01/2021,ONL-20425,2,0,62.10,119.23,88.00,IN4445,09/01/2021,SOWCARPET,600079,"46, GENERAL MUTHIAH M.ST,,SOWCARPET,,CHENNAI",00,62.10,4.00,U00-VINOTH.S
DEEKAY LIFESCIENCE,B00010278,LAL MEDICALS,4783,DECOF SYP 100ML,100ML,SB/567153,26/01/2021,ONL-20425,10,1,62.10,596.16,88.00,IN4445,09/01/2021,MINT,600079,"414,MINT STREET,,.,CHENNAI",00,62.10,4.00,U00-VINOTH.S
DEEKAY LIFESCIENCE,B0061115,RAJ PHARMACY,4783,DECOF SYP 100ML,100ML,SB/575813,29/01/2021,ONL-20425,10,1,62.10,596.16,88.00,IN4445,09/01/2021,SOWCARPET,600001,"NO.47/23 MULLAH STREET, SOWCARPET,CHENNAI, TAMIL NADU,",00,62.10,4.00,U00-VINOTH.S
DEEKAY LIFESCIENCE,B11070184,RENUKA MEDICALS,4783,DECOF SYP 100ML,100ML,SB/579020,30/01/2021,ONL-20425,1,0,62.10,62.10,88.00,IN4445,09/01/2021,T.NAGAR,600017,"5, THIRUPALLI STREET,,.,CHENNAI",00,62.10,0.00,U11-PALANI
DEEKAY LIFESCIENCE,B11090304,BEST ONE PHARMACY,29269,DELZART 6 TAB 10S,10s,SB/536510,09/01/2021,MMPT748,2,0,74.74,149.48,105.00,IN4445,09/01/2021,AMBATTUR,600053,"NO 33,SHOP NO 4,EAST FACING,GROUND FLOOR GANAMOORTHY NAGAR,LAKSHMI COLONY SERVIC ROAD AMBATTUR",00,74.74,0.00,U13-K.VENGATESH
DEEKAY LIFESCIENCE,B11100069,R.B.MEDICALS,29269,DELZART 6 TAB 10S,10s,SB/578533,30/01/2021,MMPT748,1,0,74.74,71.75,105.00,IN4445,09/01/2021,THIRUVANMIYUR,600041,"NO.64,SHOP NO.3,BEACH ROAD,LAKSHMIPURAM,THIRUVANMIYUR",00,74.74,4.00,U14-S.N.J.RAJ
DEEKAY LIFESCIENCE,B0060483,RAU AND CO PHARMA PVT LTD -AMBT,5150,DIANERVE  CAPS 10S,10S,SR/33550,08/01/2021,MMFC175,3,0,153.45,-451.14,230.00,IN3351,18/11/2020,ENTITY-B00,600098,"NO-26 G.F. FRONT PORTION N.W CORNER 1ST STREET,AMBATTUR INDUSTRIAL ESTATE NORTH,PATTARAVAKAM,CHENNAI-600098",00,153.45,0.00,U00-WAREHOUSE
DEEKAY LIFESCIENCE,B2242165,OVIYA MEDICALS,5150,DIANERVE  CAPS 10S,10S,SB/543567,13/01/2021,MMFC175,1,0,153.45,148.85,230.00,IN3351,18/11/2020,ANNA NAGAR,600040,"NO.76B, L BLOCK,,21ST STREET,ANNA NAGAR,,CHENNAI-600102",00,153.45,3.00,U22-M.SARAVANAN
DEEKAY LIFESCIENCE,B00060463,M.M MEDICALS,5150,DIANERVE  CAPS 10S,10S,SB/550159,18/01/2021,MMFC175,1,0,153.45,150.38,230.00,IN3351,18/11/2020,MINJUR,601203,"22/1A1B, ABDUL AZAD STREET,,JAYALAKSHMI NAGAR,ARIYANVOYAL,,MINJUR",00,153.45,2.00,U05-DEVARAJ
DEEKAY LIFESCIENCE,B11131421,JAI KRISHNA MEDICALS,5150,DIANERVE  CAPS 10S,10S,SB/551760,19/01/2021,MMFC292,1,0,153.45,148.85,230.00,IN4445,09/01/2021,MADHAVARAM,600060,"NO.145/137, SHOP NO.2,GROUND FLOOR,,M.R.H. ROAD, THABALPETTI, MADHAVARAM,,CHENNAI.",00,153.45,3.00,U17-SRINIVASAN
DEEKAY LIFESCIENCE,B11120227,SANJAY MEDICALS,5150,DIANERVE  CAPS 10S,10S,SB/552012,19/01/2021,MMFC292,3,0,153.45,451.14,230.00,IN4445,09/01/2021,THIRUVOTTIYUR,600019,"NEW 174/2. OLD 747,T.H.ROAD,CHENNAI",00,153.45,2.00,U16-VEERAKUMAR.M
DEEKAY LIFESCIENCE,B11120191,VAAN MEDICALS,5150,DIANERVE  CAPS 10S,10S,SB/554310,20/01/2021,MMFC292,2,0,153.45,306.90,230.00,IN4445,09/01/2021,OLD WASHERMENPET,600021,"NO : 1/1, KALINGARAYAN STREET,,1ST LANE, OLD WASHERMENPET,,CHENNAI",00,153.45,0.00,U16-VEERAKUMAR.M
DEEKAY LIFESCIENCE,B00060132,KUMARAN PHARMACY,5150,DIANERVE  CAPS 10S,10S,SB/555015,20/01/2021,MMFC292,4,0,153.45,601.52,230.00,IN4445,09/01/2021,ERANAVOOR,600057,"NO:34B/1,BAJANAI KOIL ST,,ERANAVOUR,,CEHNNAI",00,153.45,2.00,U05-BHARATHIRAJA.M
DEEKAY LIFESCIENCE,B22141472,SIDDQUE SHA MEDICALS,5150,DIANERVE  CAPS 10S,10S,SB/555119,20/01/2021,MMFC292,2,0,153.45,306.90,230.00,IN4445,09/01/2021,TRIPLICANE,600005,"OLD NO,18,NEW,38,SHOP NO.5,TRIPLICANE HIGH ROAD - ELISS ROAD,CHENNAI",00,153.45,0.00,U22-PM.VELU
DEEKAY LIFESCIENCE,B11120432,BALAJI MEDICAL STORE,5150,DIANERVE  CAPS 10S,10S,SB/565549,25/01/2021,MMFC292,2,0,153.45,294.62,230.00,IN4445,09/01/2021,MANALI,600068,"OLD NO:129,  NEW NO:301,KAMARAJ ROAD,,MANALI,CHENNAI",00,153.45,4.00,U16-BHARATH KUMAR
DEEKAY LIFESCIENCE,B33150650,SUJATHA PHARMACY - CHEQ,5150,DIANERVE  CAPS 10S,10S,SB/574832,29/01/2021,MMFC292,1,0,153.45,153.45,230.00,IN4445,09/01/2021,THIRUVOTTIYUR,600019,"NO.253.T.H.ROAD,,THIRUVOTTIYUR,,CHENNAI-19",00,153.45,0.00,U33-RAJAMANI.C.V
DEEKAY LIFESCIENCE,B11080478,SUN SHINE PHARMACY,5150,DIANERVE  CAPS 10S,10S,SB/575995,29/01/2021,MMFC292,1,0,153.45,147.31,230.00,IN4445,09/01/2021,NANGANALLUR,600061,"NO A46 MGR ROAD,HINDU COLONY NANGANALLUR,CHENNAI",00,153.45,4.00,U12-RADHA KRISHNAN
DEEKAY LIFESCIENCE,B11070208,SWASTIK MEDICAL,5150,DIANERVE  CAPS 10S,10S,SB/579971,31/01/2021,MMFC292,1,0,153.45,147.31,230.00,IN4445,09/01/2021,SOWCARPET,600079,"39,PERUMAL KOIL GARDEN STREET,SOWCARPET-CHENNAI,.",00,153.45,4.00,U11-PALANI
DEEKAY LIFESCIENCE,B00040399,KSHEERA PHARMACY,28795,FX 120 TAB 10S,10s,SB/516440,01/01/2021,NTT200148,1,0,84.95,81.55,120.00,IN100235,02/10/2020,VELACHERY,600042,"NO-19,GROUND FLOOR,,SHOP NO-5,LAKSHMI NAGAR,MAIN ROAD,,VELACHERY,",00,84.95,4.00,U03-T.SARAVANAN
DEEKAY LIFESCIENCE,B11120191,VAAN MEDICALS,28795,FX 120 TAB 10S,10s,SB/521943,04/01/2021,NTT200148,1,0,84.95,84.95,120.00,IN100235,02/10/2020,OLD WASHERMENPET,600021,"NO : 1/1, KALINGARAYAN STREET,,1ST LANE, OLD WASHERMENPET,,CHENNAI",00,84.95,0.00,U16-VEERAKUMAR.M
DEEKAY LIFESCIENCE,B11120191,VAAN MEDICALS,28795,FX 120 TAB 10S,10s,SB/521943,04/01/2021,MMPT764,1,0,96.25,96.25,135.00,IN3709,05/12/2020,OLD WASHERMENPET,600021,"NO : 1/1, KALINGARAYAN STREET,,1ST LANE, OLD WASHERMENPET,,CHENNAI",00,96.25,0.00,U16-VEERAKUMAR.M
DEEKAY LIFESCIENCE,B22140244,SRI VIJAYA MEDICALS,28795,FX 120 TAB 10S,10s,SB/532619,08/01/2021,MMPT764,10,1,96.25,924.00,135.00,IN3709,05/12/2020,AYANAVARAM,600023,"NO: 369,K.H.ROAD,,AYANAVARAM,,CHENNAI,",00,96.25,4.00,U22-T.K.SEKAR
DEEKAY LIFESCIENCE,B00060191,SRI GURUVAYURAPPAN MED-C,28795,FX 120 TAB 10S,10s,SB/537535,10/01/2021,MMPT764,2,0,96.25,186.72,135.00,IN3709,05/12/2020,PONNERI,601204,"89,THAYUMAN CHETTY ST.,,PONNERI,CHENNAI",00,96.25,3.00,U05-DEVARAJ
DEEKAY LIFESCIENCE,B22140244,SRI VIJAYA MEDICALS,28795,FX 120 TAB 10S,10s,SB/551325,19/01/2021,MMPT764,8,0,96.25,739.20,135.00,IN3709,05/12/2020,AYANAVARAM,600023,"NO: 369,K.H.ROAD,,AYANAVARAM,,CHENNAI,",00,96.25,4.00,U22-T.K.SEKAR
DEEKAY LIFESCIENCE,B0060485,PEARL MEDICALS PVT LTD - AMBT,28795,FX 120 TAB 10S,10s,SR/35734,29/01/2021,NTT200148,1,0,84.95,-84.95,120.00,IN100235,02/10/2020,ENTITY-B00,600098,"NO.26 IIND FLOOR SW CORNER PORTION-A IST STREET,AMBATTUR INDUSTRIAL ESTATE NORTH,PATTARVAKAM CHENNAI-600098",00,84.95,0.00,U00-WAREHOUSE
DEEKAY LIFESCIENCE,B0060485,PEARL MEDICALS PVT LTD - AMBT,28795,FX 120 TAB 10S,10s,SR/35782,29/01/2021,NTT200148,6,1,84.95,-509.70,120.00,IN100235,02/10/2020,ENTITY-B00,600098,"NO.26 IIND FLOOR SW CORNER PORTION-A IST STREET,AMBATTUR INDUSTRIAL ESTATE NORTH,PATTARVAKAM CHENNAI-600098",00,84.95,0.00,U00-WAREHOUSE
DEEKAY LIFESCIENCE,B11070965,NEW LAKSHMI MEDICALS,28796,FX 180 TAB 10S,10s,SB/536088,09/01/2021,DFXT2001,1,0,119.65,114.86,169.00,IN100263,13/10/2020,AYANAVARAM,600023,"METTU STREET,,(1/1, NEELAKANDAN STREET),CHENNAI",00,119.65,4.00,U11-KUTTI MANI.E
DEEKAY LIFESCIENCE,B00011316,MUTHU MEDICAL DISTRIBUTORS,28796,FX 180 TAB 10S,10s,SB/550376,18/01/2021,DFXT2001,1,0,119.65,112.47,169.00,IN100263,13/10/2020,AMBATTUR,600082,"NEW NO:31,OLD NO:5TH MAIN ROAD,,JAWWHAR NAGAR,,CHENNAI.",00,119.65,6.00,U00-DIRECT
DEEKAY LIFESCIENCE,B00011316,MUTHU MEDICAL DISTRIBUTORS,28796,FX 180 TAB 10S,10s,SB/550704,18/01/2021,DFXT2001,3,0,119.65,337.41,169.00,IN100263,13/10/2020,AMBATTUR,600082,"NEW NO:31,OLD NO:5TH MAIN ROAD,,JAWWHAR NAGAR,,CHENNAI.",00,119.65,6.00,U00-DIRECT
DEEKAY LIFESCIENCE,B11070971,METRO MEDICALS AND GENERAL,28796,FX 180 TAB 10S,10s,SB/560972,22/01/2021,DFXT2001,1,0,119.65,114.86,169.00,IN100263,13/10/2020,PURASAIWAKKAM,600084,"5/10 P.H.ROAD,PURASAWALKAM,CHENNAI",00,119.65,4.00,U11-KUTTI MANI.E
DEEKAY LIFESCIENCE,B11070965,NEW LAKSHMI MEDICALS,28796,FX 180 TAB 10S,10s,SB/561966,23/01/2021,DFXT2001,1,0,119.65,114.86,169.00,IN100263,13/10/2020,AYANAVARAM,600023,"METTU STREET,,(1/1, NEELAKANDAN STREET),CHENNAI",00,119.65,4.00,U11-KUTTI MANI.E
DEEKAY LIFESCIENCE,B00010110,MUTHU PHARMACY(KILPAUK),29515,GLYCIROL-MG1 TAB 10S,10S,SB/525353,05/01/2021,TTOT-1333,1,0,31.99,30.07,44.80,IN3709,05/12/2020,KILPAUK,600010,"A UNIT OF MUTHU PHARMACY (P) LTD,OLD NO:34,MEDAVAKKAM TANK ROAD,,KILPAUK,CHENNAI",00,31.99,6.00,U00-MUTHU PHARMACY
DEEKAY LIFESCIENCE,B00060330,SANTHI MEDICALS,29515,GLYCIROL-MG1 TAB 10S,10S,SB/526822,06/01/2021,TTOT-1333,1,0,31.99,30.71,44.80,IN3709,05/12/2020,ROYAPURAM,600013,"40 ANDIAPPA MUDALI STREET,ROYAPURAM,CHEENAI",00,31.99,4.00,U05-R.RANJITH
DEEKAY LIFESCIENCE,B22141347,SUMATHI MEDICALS,29515,GLYCIROL-MG1 TAB 10S,10S,SB/527193,06/01/2021,TTOT-1333,3,0,31.99,95.97,44.80,IN3709,05/12/2020,KAVANGARAI,600066,"537/5,VALLUVAR STREET,KAVANGARAI,CHENNAI",00,31.99,0.00,U22-SURESH.V
DEEKAY LIFESCIENCE,B00010281,SWASTIK MEDICALS,29515,GLYCIROL-MG1 TAB 10S,10S,SB/545395,13/01/2021,TTOT-1333,4,0,31.99,122.84,44.80,IN3709,05/12/2020,SOWCARPET,600079,"39, PERUMAL KOIL GARDEN STREET,,SOWCARPET,,CHENNAI",00,31.99,4.00,U00-VINOTH.S
DEEKAY LIFESCIENCE,B11120472,SRI MADHAN MEDICALS,29515,GLYCIROL-MG1 TAB 10S,10S,SB/546185,15/01/2021,TTOT-1333,2,0,31.99,63.98,44.80,IN3709,05/12/2020,TONDIARPET,600081,"NO:13,CORPORATION COLONY,3 RD STREET,TONDIARPET,CHENNAI",00,31.99,0.00,U16-JAI GANESH
DEEKAY LIFESCIENCE,B22141347,SUMATHI MEDICALS,29515,GLYCIROL-MG1 TAB 10S,10S,SB/552086,19/01/2021,TTOT-1333,3,0,31.99,95.97,44.80,IN3709,05/12/2020,KAVANGARAI,600066,"537/5,VALLUVAR STREET,KAVANGARAI,CHENNAI",00,31.99,0.00,U22-SURESH.V
DEEKAY LIFESCIENCE,B22141347,SUMATHI MEDICALS,29515,GLYCIROL-MG1 TAB 10S,10S,SB/575953,29/01/2021,TTOT-1333,2,0,31.99,63.98,44.80,IN3709,05/12/2020,KAVANGARAI,600066,"537/5,VALLUVAR STREET,KAVANGARAI,CHENNAI",00,31.99,0.00,U22-SURESH.V
DEEKAY LIFESCIENCE,B00010110,MUTHU PHARMACY(KILPAUK),29515,GLYCIROL-MG1 TAB 10S,10S,SB/578899,30/01/2021,TTOT-1333,1,0,31.99,30.07,44.80,IN3709,05/12/2020,KILPAUK,600010,"A UNIT OF MUTHU PHARMACY (P) LTD,OLD NO:34,MEDAVAKKAM TANK ROAD,,KILPAUK,CHENNAI",00,31.99,6.00,U00-MUTHU PHARMACY
DEEKAY LIFESCIENCE,B0061115,RAJ PHARMACY,29516,GLYCIROL-MG2 TAB 10S,10S,SB/516638,01/01/2021,TTOT-725,2,0,35.90,68.93,50.40,IN3351,18/11/2020,SOWCARPET,600001,"NO.47/23 MULLAH STREET, SOWCARPET,CHENNAI, TAMIL NADU,",00,35.90,4.00,U00-VINOTH.S
DEEKAY LIFESCIENCE,B11070950,MURUGAN PHARMACY,29516,GLYCIROL-MG2 TAB 10S,10S,SB/533954,08/01/2021,TTOT-725,1,0,35.90,35.18,50.40,IN3351,18/11/2020,KILPAUK,600010,"NO.23/3 MILLERS ROAD,KILPAUK,CHENNAI",00,35.90,2.00,U11-KUTTI MANI.E
DEEKAY LIFESCIENCE,B00010031,AANARUNA PHARMACY,29516,GLYCIROL-MG2 TAB 10S,10S,SB/545740,15/01/2021,TTOT-725,3,0,35.90,103.39,50.40,IN3351,18/11/2020,KOLATHUR,600099,"NO;1,1ST STREET MOHAMEED HUSSAIN COLONY,,VIVEKANTHA MAIN ROAD,KOLATHUR,,CHENNAI",00,35.90,4.00,U00-SRINIVASAN.K
DEEKAY LIFESCIENCE,B00010284,SRI DEVI MEDICALS,29516,GLYCIROL-MG2 TAB 10S,10S,SB/546642,15/01/2021,TTOT-725,2,0,35.90,70.36,50.40,IN3351,18/11/2020,KONDITHOPE,600079,"NO.175/96 AMMAN KOIL ST,KONDITHOPE,CHENNAI,",00,35.90,2.00,U00-VINOTH.S
DEEKAY LIFESCIENCE,B11090288,DEVASRI MEDICAL,29516,GLYCIROL-MG2 TAB 10S,10S,SB/549912,18/01/2021,TTOT-725,3,0,35.90,104.47,50.40,IN3351,18/11/2020,AMBATTUR,600053,"NO 154, GROUND FLOOR SHOP NO 1FROM NORTH,K.K.ROAD,,AMBATTUR,CHENNAI",00,35.90,3.00,U13-A.BALACHANDRAN
DEEKAY LIFESCIENCE,B00030261,DEVASRI MEDICALS,29516,GLYCIROL-MG2 TAB 10S,10S,SB/552755,19/01/2021,TTOT-725,3,0,35.90,104.47,50.40,IN3351,18/11/2020,AMBATTUR,600053,"154, KK ROAD,VENKATA PURAM, AMBATTUR,CHENNAI-53",00,35.90,3.00,U02-KARTHIK RAJA.P
DEEKAY LIFESCIENCE,B11090288,DEVASRI MEDICAL,29516,GLYCIROL-MG2 TAB 10S,10S,SB/572649,28/01/2021,TTOT-725,2,0,35.90,69.65,50.40,IN3351,18/11/2020,AMBATTUR,600053,"NO 154, GROUND FLOOR SHOP NO 1FROM NORTH,K.K.ROAD,,AMBATTUR,CHENNAI",00,35.90,3.00,U13-A.BALACHANDRAN
DEEKAY LIFESCIENCE,B00010284,SRI DEVI MEDICALS,29516,GLYCIROL-MG2 TAB 10S,10S,SB/577388,30/01/2021,TTOT-725,1,0,35.90,35.18,50.40,IN3351,18/11/2020,KONDITHOPE,600079,"NO.175/96 AMMAN KOIL ST,KONDITHOPE,CHENNAI,",00,35.90,2.00,U00-VINOTH.S
DEEKAY LIFESCIENCE,B00010891,INDRA MEDICALS,14711,PA-650MG TAB 15S,15S,SB/522312,04/01/2021,NTT192075,2,0,17.60,35.20,24.50,IN100099,11/07/2020,ALWARPET,600018,"OLD NO 53/4,NEW NO 126,OTHAVADAI STREET,NAMMALWARPET",00,17.60,0.00,U00-AYNAVARAM DIRECT
DEEKAY LIFESCIENCE,B00010891,INDRA MEDICALS,14711,PA-650MG TAB 15S,15S,SB/522312,04/01/2021,NTT192177,8,1,17.60,140.80,24.50,IN3709,05/12/2020,ALWARPET,600018,"OLD NO 53/4,NEW NO 126,OTHAVADAI STREET,NAMMALWARPET",00,17.60,0.00,U00-AYNAVARAM DIRECT
DEEKAY LIFESCIENCE,B22141704,STAR MEDICALS,14711,PA-650MG TAB 15S,15S,SB/556225,21/01/2021,NTT192177,1,0,17.60,16.90,24.50,IN3709,05/12/2020,AMINJIKARAI,600029,"NEW NO-25;OLD NO-13A;P.P.THOTTAM MAIN ROAD,P-P-GARDEN.AMINJIKARAI - CHENNAI - 600029,CHENNAI",00,17.60,4.00,U22-PK.SHANKAR
DEEKAY LIFESCIENCE,B22141704,STAR MEDICALS,14711,PA-650MG TAB 15S,15S,SB/567627,26/01/2021,NTT192075,1,0,17.60,16.90,24.50,IN4445,09/01/2021,AMINJIKARAI,600029,"NEW NO-25;OLD NO-13A;P.P.THOTTAM MAIN ROAD,P-P-GARDEN.AMINJIKARAI - CHENNAI - 600029,CHENNAI",00,17.60,4.00,U22-PK.SHANKAR
DEEKAY LIFESCIENCE,B1132055,SHREE ALAGU PHARMACY,16182,RABISURE 20MG TAB 10S,10S,SB/569978,27/01/2021,MMPT488,2,0,50.39,98.76,71.00,IN3190,07/11/2020,THIRUVOTTIYUR,600019,"NO.39A/1 GRND FLOOR,VILLAGE STREET THIRUVOTRIYUR, CHENNAI,TAMILNADU",00,50.39,2.00,U16-VEERAKUMAR.M
DEEKAY LIFESCIENCE,B11070207,RAMDEV PHARMACY,16183,RABISURE DSR CAPS 10S,10S,SB/532757,08/01/2021,MMPC753,10,1,62.90,603.84,89.00,IN3709,05/12/2020,MINT,600079,"SHOP NO.20 GROUND FLOOR,349 MINT STREET,CHENNAI",00,62.90,4.00,U11-PALANI
DEEKAY LIFESCIENCE,B11120135,SANTHI MEDICALS,16183,RABISURE DSR CAPS 10S,10S,SB/541230,12/01/2021,MMPC753,2,0,62.90,125.80,89.00,IN3709,05/12/2020,THIRUVOTTIYUR,600019,"252,T.H.ROAD,,.,CHENNAI",00,62.90,0.00,U16-VEERAKUMAR.M
DEEKAY LIFESCIENCE,B00040381,VIJAYA MEDICALS,16183,RABISURE DSR CAPS 10S,10S,SB/546227,15/01/2021,MMPC753,3,0,62.90,188.70,89.00,IN3709,05/12/2020,VELACHERY,600042,"NO-35/36 GANGAI AMMAN KOIL STREET,,KAMARAJA PURAM,VELACHERY",00,62.90,0.00,U03-T.SARAVANAN
DEEKAY LIFESCIENCE,B11110220,PONNI MEDICALS & GENERALS,16183,RABISURE DSR CAPS 10S,10S,SB/546915,15/01/2021,MMPC753,2,0,62.90,125.80,89.00,IN3709,05/12/2020,ALAPAKKAM,600122,"NO-432/3B SHOP NO 2(FROM WEST TO EAST SIDE),GROUND FLOOR PATTUR MAIN RD,PATTUR CHENNAI",00,62.90,0.00,U15-K.SATHISH
DEEKAY LIFESCIENCE,B00060162,SANTHI MEDICALS,16183,RABISURE DSR CAPS 10S,10S,SB/547148,15/01/2021,MMPC753,3,0,62.90,184.93,89.00,IN3709,05/12/2020,THIRUVOTTIYUR,600019,"252, T.H.ROAD,,THIRUVOTTIYUR,,CHENNAI",00,62.90,2.00,U05-BHARATHIRAJA.M
DEEKAY LIFESCIENCE,B00010292,THENMALAI MEDICALS,16183,RABISURE DSR CAPS 10S,10S,SB/547652,16/01/2021,MMPC753,3,0,62.90,184.93,89.00,IN3709,05/12/2020,PARRYS,600001,"26, PARAMANANDAM STREET,,PARRYS,CHENNAI",00,62.90,2.00,U00-VINOTH.S
DEEKAY LIFESCIENCE,B11110220,PONNI MEDICALS & GENERALS,16183,RABISURE DSR CAPS 10S,10S,SB/550541,18/01/2021,MMPC753,1,0,62.90,62.90,89.00,IN3709,05/12/2020,ALAPAKKAM,600122,"NO-432/3B SHOP NO 2(FROM WEST TO EAST SIDE),GROUND FLOOR PATTUR MAIN RD,PATTUR CHENNAI",00,62.90,0.00,U15-K.SATHISH
DEEKAY LIFESCIENCE,B11100142,SRI RAM MEDICALS,16183,RABISURE DSR CAPS 10S,10S,SB/552289,19/01/2021,MMPC753,2,0,62.90,125.80,89.00,IN4445,09/01/2021,ECR,600115,"3/116, SHOP NO.3, E.C.R,,VETTUVANKENI,,CHENNAI",00,62.90,0.00,U14-T.S.SURI
DEEKAY LIFESCIENCE,B11100090,OM MEDICALS,16183,RABISURE DSR CAPS 10S,10S,SB/565242,25/01/2021,MMPC753,1,0,62.90,60.38,89.00,IN4445,09/01/2021,ADYAR,600020,"NO.9, L.B. ROAD,,ADYAR,,CHENNAI",00,62.90,4.00,U14-S.N.J.RAJ
DEEKAY LIFESCIENCE,B00040381,VIJAYA MEDICALS,16183,RABISURE DSR CAPS 10S,10S,SR/35917,29/01/2021,MMPC753,3,0,62.90,-188.70,89.00,IN3709,05/12/2020,VELACHERY,600042,"NO-35/36 GANGAI AMMAN KOIL STREET,,KAMARAJA PURAM,VELACHERY",00,62.90,0.00,U03-T.SARAVANAN
DEEKAY LIFESCIENCE,B1131866,LIVE WELL PHARMACY,16183,RABISURE DSR CAPS 10S,10S,SB/576452,29/01/2021,MMPC753,3,0,62.90,181.15,89.00,IN3709,05/12/2020,VILLIVAKKAM,600049,"NO.44/17, GROUND FLOOR, NORTH FACING,,RAJAJI NAGAR KAVERI STREET, KONNUR, VILLIVAKKAM,,CHENNAI",00,62.90,4.00,U11-PHILIPS.M
DEEKAY LIFESCIENCE,B1131866,LIVE WELL PHARMACY,16183,RABISURE DSR CAPS 10S,10S,SB/576452,29/01/2021,MMPC753,7,1,62.90,422.69,89.00,IN4445,09/01/2021,VILLIVAKKAM,600049,"NO.44/17, GROUND FLOOR, NORTH FACING,,RAJAJI NAGAR KAVERI STREET, KONNUR, VILLIVAKKAM,,CHENNAI",00,62.90,4.00,U11-PHILIPS.M
DEEKAY LIFESCIENCE,B00010923,KASHMIR MEDICAL MART,16183,RABISURE DSR CAPS 10S,10S,SB/579894,31/01/2021,MMPC753,1,0,62.90,62.90,89.00,IN4445,09/01/2021,GOPALAPURAM,600086,"NO.257/135,AVVAI SHANMUGAM SALAI,,LLOYDS ROAD,GOPALAPURAM,,CHENNAI",00,62.90,0.00,U00-BHARATHI.B.S
DEEKAY LIFESCIENCE,B11070198,JAYA PHARAMACY,17861,SNEEZ CC TAB 10S,10S,SB/559995,22/01/2021,TUOT-0053,3,0,42.09,126.27,59.00,IN3190,07/11/2020,MINT,600079,"OLD.123 NEWNO.154 AMMAN KOIL ST (FACING CHAKKARAI,.,CHENNAI",00,42.09,0.00,U11-PALANI
DEEKAY LIFESCIENCE,B11070198,JAYA PHARAMACY,17861,SNEEZ CC TAB 10S,10S,SB/559995,22/01/2021,TUOT-0053,7,1,42.09,294.63,59.00,IN4445,09/01/2021,MINT,600079,"OLD.123 NEWNO.154 AMMAN KOIL ST (FACING CHAKKARAI,.,CHENNAI",00,42.09,0.00,U11-PALANI
DEEKAY LIFESCIENCE,B11120191,VAAN MEDICALS,17861,SNEEZ CC TAB 10S,10S,SB/567542,26/01/2021,TUOT-0053,10,1,42.09,420.90,59.00,IN4445,09/01/2021,OLD WASHERMENPET,600021,"NO : 1/1, KALINGARAYAN STREET,,1ST LANE, OLD WASHERMENPET,,CHENNAI",00,42.09,0.00,U16-VEERAKUMAR.M
DEEKAY LIFESCIENCE,B00010278,LAL MEDICALS,17861,SNEEZ CC TAB 10S,10S,SB/578085,30/01/2021,TUOT-0053,1,0,42.09,40.41,59.00,IN4445,09/01/2021,MINT,600079,"414,MINT STREET,,.,CHENNAI",00,42.09,4.00,U00-VINOTH.S
DEEKAY LIFESCIENCE,B22140275,NEW LAKSHMI MEDICALS,84784,SNEEZ LM SUSPENSION 60 ML,60 ML,SB/526442,06/01/2021,ONL-20374,1,0,74.75,71.76,105.00,IN3190,07/11/2020,AYANAVARAM,600023,"NO: 1/1,NEELAKANDAN ST,MEETU ST,,AYANAVARAM,,CHENNAI,",00,74.75,4.00,U22-T.K.SEKAR
DEEKAY LIFESCIENCE,B11090226,SREE ANNAI ARUL  MEDICALS,29176,SNEEZ LM TAB 10S,10s,SB/531378,07/01/2021,TUOT-0135,1,0,69.66,69.66,97.90,IN100150,21/08/2020,THIRUMULLAIVOYAL,600062,"NO.87/1, CHOLAMBEDU,TIRUMULLAIVAYAL,CHENNAI",00,69.66,0.00,U13-A.BALACHANDRAN
DEEKAY LIFESCIENCE,B00030471,DHANA PHARMACY,29176,SNEEZ LM TAB 10S,10s,SB/536523,09/01/2021,TUOT-0135,1,0,69.66,69.66,97.90,IN100150,21/08/2020,THIRUMULLAIVOYAL,600062,"73/1,  CTH ROAD,THIRUMULLAI VOYAL,CHENNAI-62",00,69.66,0.00,U02-SELVARAJ.K
DEEKAY LIFESCIENCE,B11100069,R.B.MEDICALS,29176,SNEEZ LM TAB 10S,10s,SB/552589,19/01/2021,TUOT-0135,1,0,69.66,66.87,97.90,IN100150,21/08/2020,THIRUVANMIYUR,600041,"NO.64,SHOP NO.3,BEACH ROAD,LAKSHMIPURAM,THIRUVANMIYUR",00,69.66,4.00,U14-S.N.J.RAJ
DEEKAY LIFESCIENCE,B11070078,SRI KRISHNA MEDICALS,29176,SNEEZ LM TAB 10S,10s,SB/555272,20/01/2021,TUOT-0135,1,0,69.66,68.27,97.90,IN100150,21/08/2020,ADYAR,600020,"NO:67/23,ELLAI AMMAN KOIL STREET,,KOTTUR,,CHENNAI",00,69.66,2.00,U11-MANDAVELI-CC-KUMARI
DEEKAY LIFESCIENCE,B11090238,DHANA PHARMACY (THIRUMULLAIVOYAL),17862,SNEEZ PLUS SUS 60ML,60ML,SB/524403,05/01/2021,TTOL-116,1,0,45.10,45.10,63.00,IN500587,25/03/2020,THIRUMULLAIVOYAL,600062,"73/1,C.T.H.ROAD,,THIRUMULLAIVOYAL,,CHENNAI",00,45.10,0.00,U13-A.BALACHANDRAN
DEEKAY LIFESCIENCE,B11100069,R.B.MEDICALS,17862,SNEEZ PLUS SUS 60ML,60ML,SB/527530,06/01/2021,TTOL-116,1,0,45.10,43.30,63.00,IN500587,25/03/2020,THIRUVANMIYUR,600041,"NO.64,SHOP NO.3,BEACH ROAD,LAKSHMIPURAM,THIRUVANMIYUR",00,45.10,4.00,U14-S.N.J.RAJ
DEEKAY LIFESCIENCE,B22141075,BAAWA MEDICALS,17862,SNEEZ PLUS SUS 60ML,60ML,SB/566131,25/01/2021,TTOL-116,1,0,45.10,43.30,63.00,IN500587,25/03/2020,OLD WASHERMENPET,600021,"NO.511/834,T.H.ROAD,OLD WASHERMENPET,CHENNAI",00,45.10,4.00,U22-C.SATHISHKUMAR
DEEKAY LIFESCIENCE,B22140275,NEW LAKSHMI MEDICALS,29064,TRIMEST MB TAB 10S,10s,SB/540814,12/01/2021,MMFT301,3,0,62.98,181.38,89.00,IN4445,09/01/2021,AYANAVARAM,600023,"NO: 1/1,NEELAKANDAN ST,MEETU ST,,AYANAVARAM,,CHENNAI,",00,62.98,4.00,U22-T.K.SEKAR
DEEKAY LIFESCIENCE,B2242205,DHARSHAN PHARMACY,29064,TRIMEST MB TAB 10S,10s,SB/542195,12/01/2021,MMFT301,3,0,62.98,183.27,89.00,IN4445,09/01/2021,MYLAPORE,600004,"NO.112 MADHAVA RAO GARDEN,CENTRAL BANK ROAD MYLAPORE,CHENNAI-600004",00,62.98,3.00,U22-SUNDARAMURTHY.J
DEEKAY LIFESCIENCE,B22140274,KAMALESH MEDICALS,29064,TRIMEST MB TAB 10S,10s,SB/552152,19/01/2021,MMFT301,10,1,62.98,604.61,89.00,IN4445,09/01/2021,AYANAVARAM,600023,"NEW NO:28,OLD NO:8/1,VEERA SWAMY 3RD STREET,AYANAVARAM,CHENNAI",00,62.98,4.00,U22-T.K.SEKAR
DEEKAY LIFESCIENCE,B00010284,SRI DEVI MEDICALS,29064,TRIMEST MB TAB 10S,10s,SB/577388,30/01/2021,NTT200200,1,0,62.98,61.72,89.00,IN100150,21/08/2020,KONDITHOPE,600079,"NO.175/96 AMMAN KOIL ST,KONDITHOPE,CHENNAI,",00,62.98,2.00,U00-VINOTH.S
DEEKAY LIFESCIENCE,B22141154,KARUPPAIH PHARMACY,29064,TRIMEST MB TAB 10S,10s,SB/577944,30/01/2021,NTT200200,3,0,62.98,181.38,89.00,IN100150,21/08/2020,MYLAPORE,600004,"61/139 ,LUZ CHURCH ROAD,MYLAPORE,CHENNAI",00,62.98,4.00,U22-SUNDARAMURTHY.J
DEEKAY LIFESCIENCE,B22141347,SUMATHI MEDICALS,29065,TRIMEST TAB 10S,10s,SB/524741,05/01/2021,MMPT669,2,0,22.30,44.60,30.66,IN3351,18/11/2020,KAVANGARAI,600066,"537/5,VALLUVAR STREET,KAVANGARAI,CHENNAI",00,22.30,0.00,U22-SURESH.V
DEEKAY LIFESCIENCE,B22141347,SUMATHI MEDICALS,29065,TRIMEST TAB 10S,10s,SB/524742,05/01/2021,MMPT669,2,0,22.30,44.60,30.66,IN3351,18/11/2020,KAVANGARAI,600066,"537/5,VALLUVAR STREET,KAVANGARAI,CHENNAI",00,22.30,0.00,U22-SURESH.V
DEEKAY LIFESCIENCE,B0060485,PEARL MEDICALS PVT LTD - AMBT,29065,TRIMEST TAB 10S,10s,SR/33503,08/01/2021,MMPT669,2,0,22.30,-44.60,30.66,IN3709,05/12/2020,ENTITY-B00,600098,"NO.26 IIND FLOOR SW CORNER PORTION-A IST STREET,AMBATTUR INDUSTRIAL ESTATE NORTH,PATTARVAKAM CHENNAI-600098",00,22.30,0.00,U00-WAREHOUSE
DEEKAY LIFESCIENCE,B22140274,KAMALESH MEDICALS,29065,TRIMEST TAB 10S,10s,SB/552152,19/01/2021,MMPT669,3,0,22.30,64.22,30.66,IN3351,18/11/2020,AYANAVARAM,600023,"NEW NO:28,OLD NO:8/1,VEERA SWAMY 3RD STREET,AYANAVARAM,CHENNAI",00,22.30,4.00,U22-T.K.SEKAR
DEEKAY LIFESCIENCE,B22140274,KAMALESH MEDICALS,29065,TRIMEST TAB 10S,10s,SB/552152,19/01/2021,MMPT669,7,1,22.30,149.86,30.66,IN3709,05/12/2020,AYANAVARAM,600023,"NEW NO:28,OLD NO:8/1,VEERA SWAMY 3RD STREET,AYANAVARAM,CHENNAI",00,22.30,4.00,U22-T.K.SEKAR
DEEKAY LIFESCIENCE,B22141347,SUMATHI MEDICALS,29065,TRIMEST TAB 10S,10s,SB/570753,27/01/2021,MMPT669,2,0,22.30,44.60,30.66,IN3709,05/12/2020,KAVANGARAI,600066,"537/5,VALLUVAR STREET,KAVANGARAI,CHENNAI",00,22.30,0.00,U22-SURESH.V
DEEKAY LIFESCIENCE,B00040488,SHIFA MEDICALS (1),29065,TRIMEST TAB 10S,10s,SB/575153,29/01/2021,MMPT669,5,0,22.30,111.50,30.66,IN3709,05/12/2020,PALAVAKKAM,600041,"NO.1/1 P.R.S NAGAR,EAST COAST ROAD,,PALAVAKKAM,,CHENNAI-",00,22.30,0.00,U03-VEERAMANI.K
Total:,,,,,,,,,,,,35658.91,,,,,,,,,,
